<?xml version="1.0"?>
<TEI xmlns="http://www.tei-c.org/ns/1.0" xml:lang="en"><teiHeader><fileDesc><titleStmt><title>My TEI Extension</title><author>generated by Roma 4.18</author></titleStmt><publicationStmt><p>for use by whoever wants it</p></publicationStmt><notesStmt><note type="ns">http://www.example.org/ns/nonTEI</note></notesStmt><sourceDesc><p>created on Monday 05th February 2018 01:26:17 PM</p></sourceDesc></fileDesc></teiHeader><text><front><divGen type="toc"/></front><body><p>My TEI Customization
	starts with modules tei, core, textstructure and header</p><schemaSpec ident="myTEI" docLang="en" prefix="tei_" xml:lang="en"><moduleRef key="core" except=""/><moduleRef key="tei" except=""/><moduleRef key="header" except=""/><moduleRef key="textstructure" except=""/><moduleRef key="namesdates" except=""/></schemaSpec></body></text></TEI>
