﻿<?xml version="1.0" encoding="UTF-8"?>
<!DOCTYPE TEI SYSTEM "myTEI.dtd">
<?xml-stylesheet type="text/xsl" href="progetto.xsl"?>

<TEI xmlns="http://www.tei-c.org/ns/1.0">
    <teiHeader>
        <fileDesc>
            <titleStmt>
                <title>L'isola del tesoro: versione elettronica</title>
                <respStmt>
                    <resp>Conversione TEI P5 a cura di</resp>
                    <name>Federica Paoli</name>
                </respStmt>
            </titleStmt>
            <publicationStmt>
                <publisher/>
                <availability>
                    <licence>Copyright: il testo e le immagini presenti sono protette da copyright e il loro uso è definito dalla legge.
                    </licence>
                </availability>
            </publicationStmt>
            <sourceDesc>
                <bibl>
                    <title>L'isola del tesoro </title>
                    <author>Robert Louis Stevenson</author>
                   <editor role="translator">Massimo Bocchiola</editor>
                    <pubPlace>Torino</pubPlace>
                    <publisher>Einaudi</publisher>
                   <edition n="2">2a edizione</edition>
                    <date when="2015">2015</date>
                </bibl>
            </sourceDesc>
          </fileDesc>
    </teiHeader>

    <text>
        <front>
            <div type="introduction">
               
                <lg>
                    <l>AL COMPRATORE DUBBIOSO</l>
                    <l>Se storie marinare con musiche di mare,</l>
                    <l>perizie e tempeste, caldo e gelo; </l>
                    <l>se golette, e isole, e uomini abbandonati in spiaggia</l>
                    <l>e bucanieri e tesori sepolti</l>
                    <l>e la vecchia avventura, raccontata</l>
                    <l>all'antica maniera di un tempo,</l>
                    <l>possono esser cari, come a me sono stati,</l>
                    <l>ai giovani più smaliziati d'oggi...</l>
                </lg>
                <lg>
                    <l> così sia: via, comprate! Altrimenti,</l>
                    <l>se il giovane che studia più non brama,</l>
                    <l>immemore delle vecchie passioni,</l>
                    <l><name type="person">Kingston</name>, o il valoroso <name type="person">Ballantyne</name>,</l>
                    <l>o quel <name type="person">Cooper</name> del bosco e dell'onda, </l>
                    <l> sia pure anche così! E possa io avere modo, </l>
                    <l>con tutti i miei pirati, di spartire la tomba </l>
                    <l>dove essi giaccion con i personaggi loro!</l>
                </lg>
            </div>
        </front>
        <body>

            <div type="chapter" n="1">
                <pb n="9"/>
                <head>Capitolo primo - Il vecchio lupo di mare all'Ammiraglio Benbow 
                </head>
                         
                <p>Poiché l'illustrissimo signor <name type="person">Trelawney </name>, il dottor <name type="person">Livesey</name> e gli altri gentiluomini mi hanno chiesto di redigere la storia dell'<name type="place">Isola del Tesoro</name> con ogni dettaglio e dal principio alla fine, senza omettere nulla fuorché le coordinate dell'isola, perché una parte del tesoro è ancora là, prendo la penna nell'anno di grazia <date when="17">17</date> e torno indietro ai giorni in cui mio padre gestiva la locanda <name type="place">"Ammiraglio Benbow"</name> e quel vecchio lupo di mare con la faccia abbronzata e sfregiata da una sciabola prese alloggio sotto il nostro tetto. </p>
                <p>Me lo ricordo come fosse ieri, avvicinarsi a passi affaticati all'uscio della locanda con la sua cassa da marinaio che lo seguiva su una carriola: era alto, forte, scuro come una noce; il codino incatramato che cadeva sulla spalle di una sudicia giubba blu; le mani ruvide e graffiate, con le unghie nere e rotte; e lo sfregio sulla guancia di un bianco sporco, livido. Ricordo che diede uno sguardo in giro per la baia fischiettando e poi ruppe in quella vecchia canzone da marinai che in seguito avrebbe intonato così spesso:</p>
                <p>
                    <q> <num value="15">Quindici</num> uomini sulla cassa del morto -
                    Yo-ho-ho, e una bottiglia di rum!</q>
                </p>

                <p>Con quella voce stridula e malferma, da vecchio, che sembrava aver mutato tono e cadenza dall'argano. Bussò quindi alla porta con un bastone che portava <pb n="10"/> con sé, simile a un'arpa, e quando mio padre apparve gli ordinò di malagrazia un bicchiere di rum. Quando gli fu portato lo bevve lentamente, da intenditore, degustandolo, senza smettere di volgere lo sguardo verso la scogliera e su, alla nostra insegna. </p>

                <p><q> Agevole la baia, </q> disse alla fine; <q> e la bettola è posizionata a meraviglia. Molta gente, amico? </q></p>
                <p> Mio padre gli rispose di no, gente poca poca, era di più la miseria.</p>
                <p><q> Beh allora, </q> disse lui, <q>  è l'approdo che fa per me. Ehi, amico,</q> gridò quindi all'uomo che spingeva la carriola; <q> su, accosta e aiutami a portare la cassa di sopra. Mi fermerò qui per un po', </q> continuò; <q> sono un uomo semplice: rum e uova con lardo sono quello che mi basta, e il promontorio laggiù per guardare le navi di passaggio. Come dovete chiamarmi? Mi potreste chiamare capitano. Oh, capisco che cosa avete in mente... ecco;  </q> e gettò sulla soglia tre o quattro pezzi d'oro. <q>Ditemi pure quando avrò esaurito il credito,  </q> concluse, con l'aria sprezzante di chi comanda. </p>

                <p>E in verità, per quanto fosse mal vestito e rozzo nel parlare, il suo aspetto non aveva nulla del marinaio semplice: sembrava piuttosto un secondo ufficiale o il padrone di un peschereccio, abituato a essere obbedito e a picchiare. L'uomo della carriola ci disse che la corriera lo aveva depositato la mattina precedente al <name type="place">"Royal George"</name>; che si era informato sulle locande della costa e sentendo, presumo, parlar bene della nostra, e sentendo dire che era isolata, l'aveva scelta tra le altre come alloggio. Fu tutto quanto riuscimmo a sapere sul nostro ospite. </p>

                <p>Abitualmente era molto taciturno. Passava tutto il giorno a zonzo per la baia, o in cima alla scogliera con un cannocchiale d'ottone; e la sera stava seduto in un angolo della sala comune, accanto al camino, tracannando <pb n="11"/> a più non posso rum allungato con acqua. Di solito non parlava neanche se interpellato; ti fulminava con due occhi feroci e strofinava col naso come un corno da nebbia; e noi e gli avventori della nostra locanda imparammo presto a lasciarlo stare. Tutti i giorni, di ritorno dalla sua camminata, chiedeva se per strada fosse passato qualche marinaio. Sulle prime pensammo che faceva quelle domande perché gli mancava la compagnia di gente come lui, ma con il tempo capimmo che era ansioso di evitarla. Quando un uomo di mare alloggiava all'<name type="place">"Ammiraglio Benbow"</name> (accadeva a chi andava a piedi verso <name type="place">Bristol</name> sulla litoranea), lui prima di entrare nella sala comune lo osservava dalla tenda della porta; e in presenza di tipi simili stava sempre in silenzio come un topo. Il perché, almeno a mio giudizio, non era un segreto: in un certo senso, infatti, condividevo i suoi timori. Un giorno mi aveva preso da parte e mi aveva promesso una moneta da <num value="4">4</num> pence d'argento il <num value="1">primo</num> di ogni mese solo per tenere <said rend="italic">gli occhi bene aperti su un lupo di mare con una gamba sola</said>, e di avvisarlo non appena fosse apparso. Spesso, quando arrivava il <num value="1">primo </num> del mese e io andavo a chiedergli la paga, lui mi scacciava sbuffando e guardandomi male; ma prima che la settimana finisse era garantito che ci ripensava, mi consegnava il pezzo da <num value="4">quattro </num> e ripeteva l'ordine di stare attento al <said rend="italic"> lupo di mare con una gamba sola</said>.</p>

                <p>È inutile che vi dica quanto quel personaggio turbasse i miei sogni. Nelle notti di tempesta, quando il vento scuoteva la casa ai <num value="4">quattro</num> angoli e i marosi mugghiavano lungo la baia e contro gli scogli, mi appariva in <num value="1000">mille </num> forme diverse e con <num value="1000">mille </num> facce diaboliche. La gamba era mozzata ora al ginocchio, ora all'anca; ora si manifestava come un essere mostruoso che aveva avuto sempre e solo una gamba, piantata in mezzo al corpo. Vederlo saltare e correre e inseguirmi oltre le siepi e i <pb n="12"/>  fossati era l'incubo peggiore. In fin dei conti pagai la mia moneta mensile da <num value="4"> quattro </num> veramente a caro prezzo, con queste abominevoli visioni.</p>

                <p>Nonostante fossi così atterrito dal pensiero del marinaio con una gamba sola, il capitano in persona mi faceva molto meno paura che a chiunque altro. Certe notti trangugiava acqua e rum assai più di quanto la sua testa potesse reggere; e allora a volte si sedeva a cantare le sue vecchie canzoni marinare, feroci e sguaiate, senza far caso a nessuno; altre volte ordinava da bere per tutti, e costringeva la tremebonda compagnia ad ascoltare le sue storie o a unirsi al canto. Quante volte ho sentito tremare la casa per il suo <emph rend="italic">Yo-ho-ho, e una bottiglia di rum </emph>, con tutti i presenti che si univano al coro spaventati a morte, come se si trattasse di salvarsi la vita, in una gara a chi cantava più forte per evitare i rimproveri. Perché in questi accessi era il commensale più prepotente del mondo; batteva la mano sul tavolo per imporre il silenzio; si accendeva di collera per una domanda, o a volte perché una domanda non era stata fatta, e quindi riteneva che la compagnia non stesse ascoltando il suo racconto. Non permetteva a nessuno di uscire dalla locanda finché, completamente ubriaco, non lo coglieva il sonno e si trascinava barcollante a letto. </p>

                <p>A spaventare la gente erano soprattutto le sue storie. Storie agghiaccianti di impiccagioni, di uomini bendati sulla passerella, di tempeste in mare e delle isole <name type="place"> Dry Tortugas</name>, di fatti e luoghi selvaggi nel <name type="place">Mar dei Caraibi</name>. Stando ai suoi racconti doveva aver passato la vita tra alcuni degli uomini più malvagi cui Dio abbia mai aperto la via del mare: e il linguaggio con cui narrava queste storie sconvolgeva la nostra semplice gente di campagna non meno dei crimini che descriveva. Mio padre continuava a ripetere che la locanda sarebbe andata a rotoli, che presto i clienti avrebbero smesso di <pb n="13"/> venire a farsi vessare e maltrattare per poi andarsene a letto tutti tremanti: io invece credo che la sua presenza ci abbia fatto del bene. Lì per lì la gente si spaventava; ma dopo, ripensandoci, non era neanche scontenta; quell'uomo  dava un pizzico di sani brividi alla placida vita campagnola; e c'era perfino un gruppo di giovani che ostentava ammirazione per lui, chiamandolo <emph rend="italic">autentico lupo di mare</emph>, <emph rend="italic">vecchia pellaccia</emph>, e con altri epiteti simili, e dicendo che se l'Inghilterra era così temuta sui mari lo doveva a quelli come lui.</p>

                <p> Per un verso, tuttavia, fece del suo meglio per mandarci in rovina: infatti prolungò la sua permanenza da una settimana all'altra, e poi da un mese all'altro, e così a un certo punto i suoi soldi erano finiti da un pezzo, ma mio padre non trovava il coraggio di chiedergliene altri. Di fronte al minimo accenno, il capitano sbuffava così forte dal naso che sembrava ruggisse, e a forza di occhiate torve scacciava mio padre dalla stanza. L'ho visto torcersi le mani dopo una simile mortificazione, e sono sicuro che il disagio e il terrore in cui viveva abbiano affrettato non di poco la sua morte prematura e triste. </p>

                <p> Per tutto il tempo in cui stette da noi il capitano indossò sempre gli stessi panni, salvo delle calze nuove comprate da un ambulante. Quando una falda del suo tricorno si afflosciò non si preoccupò e la lasciò penzolare, anche se con il vento gli dava una gran noia. Ricordo l'aspetto della sua giubba, che lui stesso si rammendava di sopra, in camera sua, e che prima della fine era un rammendo unico. Non scrisse mai nè ricevette lettere, e non parlava se non con i vicini; e anche con loro, in genere, solo se era ubriaco di rum. Nessuno di noi vide mai la sua cassa da marinaio aperta. </p>

                <p> Solo una volta trovò chi gli tenesse testa: verso la fine, quando il mio povero padre era già molto deperito e sul punto di morire. Un tardo pomeriggio <pb n="14"/> venne il dottor <name type="person"> Livesey </name> per visitare il malato, cenò con un boccone preparato da mia madre, e andò nella sala comune a fumare la pipa in attesa che il suo cavallo arrivasse dal villaggio, perché al vecchio <name type="place" rend="italic">Benbow </name> non avevamo la stalla. Lo seguii, e ricordo che notai il contrasto fra il medico così spigliato e in ordine - con la cipria della parrucca bianca come la neve, i vivaci occhi neri e i modi affabili - e quei campagnoli goffi, ma soprattutto quel greve, bisunto, annebbiato spauracchio del nostro pirata, che sedeva intontito dal rum, con le braccia sul tavolo. Ed ecco che improvvisamente lui - il capitano, intendo - attaccò la sua eterna canzone: </p>
                <lg>
                    <l> <num value="15">Quindici </num> uomini sulla cassa del morto -</l>
                    <l>Yo-ho-ho, e una bottiglia di rum!</l>
                    <l>Gli altri il bere e il demonio li han stecchiti </l>
                    <l>Yo-ho-ho, e una bottiglia di rum!</l>
                </lg>

                <p>All'inizio avevo creduto che la <emph rend="italic">cassa del morto</emph> fosse la stessa grande cassa nella sua stanza al piano di sopra, e nei miei incubi quel pensiero si mescolava all'immagine del marinaio con una gamba sola. Ma da un pezzo, ormai, nessuno di noi badava più alla canzone: quella sera suonò nuova soltanto al dottor <name type="person">Livesey</name>, e osservai che non gli fece una buona impressione, perché per un istante alzò uno sguardo alquanto rabbuiato prima di rimettersi a parlare con il vecchio <name type="person">Taylor</name>, il giardiniere, di una nuova cura per i reumatismi. Intanto il capitano si esaltava sempre più della sua stessa musica, finché batté la mano sul tavolo davanti a lui in un modo che per tutti noi significava <emph rend="italic">silenzio</emph>. Le voci tacquero immediatamente, tranne quella del dottor <name type="person">Livesey</name>: il quale continuò come se niente fosse, con il suo tono chiaro e affabile, tirando deciso dalla pipa a ogni parola o due. Per un po' il capitano lo guardò truce, batté di nuovo la mano, lo guardò in modo <pb n="15"/> ancora più feroce e sbottò alla fine in una sconcia, triviale imprecazione: <q> Silenzio, sottocoperta!</q></p>

                <p><q>Parlate a me, signore?</q>  chiese il dottor <name type="person">Livesey</name>; e quando quel furfante, non senza un'altra bestemmia, gli ebbe risposto di sì <q>  Ho soltanto una cosa da dirvi,  </q> ribatté il medico, <q>  che se continuerete a bere rum, presto il mondo si libererà di una sporca canaglia! </q></p>

                <p>Il vecchio diede in escandescenze. Balzò in piedi, tirò fuori e aprì un coltello da marinaio a serramanico e, bilanciandolo sul palmo della mano, minacciò il dottor <name type="person">Livesey</name> di inchiodarlo alla parete. </p>

                <p> Il medico non si mosse nemmeno. Lo apostrofò, come in precedenza, senza voltarsi, e con lo stesso tono di voce, abbastanza alto da farsi sentire da tutta la sala, ma perfettamente fermo e tranquillo:</p>

                <p><q> Se non rimettete subito in tasca quel coltello, vi do la mia parola che alle prossime assise penderete dalla forca. </q></p>

                <p>Seguì una guerra di sguardi tra i due; ma in breve il capitano cedette, intascò l'arma e si rimise seduto mugolando come un cane bastonato. </p>

                <p><q>  E ora, signore,  </q> continuò il dottor <name type="person">Livesey</name>, <q> ora che so che nel mio distretto c'è un individuo come voi, state certo che vi terrò d'occhio giorno e notte. Non sono solo un medico, ma anche un magistrato; e se mi arriverà il fiato di una lamentela contro di voi, fosse pure per una semplice villania come quella di stasera, prenderò le misure necessarie per farvi acciuffare e cacciare da qui. Tanto vi basti. </q></p>

                <p>Poco dopo portarono il cavallo del dottore, ed egli partì; ma per quella sera e molte altre a venire il capitano se ne stette quieto.</p>
            </div>

                <div type="chapter" n="2">
                    <pb n="16"/>
                <head>Capitolo secondo - Cane Nero appare e scompare
                </head>

                <p>Non molto tempo dopo vi fu il primo dei misteriosi eventi che alla fine ci sbarazzarono del capitano anche se, come vedrete, non delle sue faccende. Era un inverno crudo, con lunghe, dure gelate e violente burrasche; e si capì da subito che difficilmente il mio povero padre avrebbe visto la primavera. Peggiorava di giorno in giorno, e visto che mia madre e io avevamo la locanda sulle spalle, eravamo troppo indaffarati per prestare molta attenzione al nostro sgradito ospite.</p>

                <p>Fu un mattino di gennaio, molto presto - un mattino pungente, glaciale; la baia era tutta grigia di brina, la risacca sciabordava dolcemente sui sassi, il sole ancora basso toccava appena le cime delle colline e brillava verso il mare in lontananza. Il capitano si era alzato prima del solito ed era andato in spiaggia, con la storta - la corta sciabola d'abbordaggio - che dondolava sotto le larghe falde della vecchia giubba blu, il cannocchiale d'ottone sottobraccio, il cappello spinto indietro sulla testa. Ricordo il respiro sospeso come fumo nella sua scia mentre si allontanava, e l'ultimo suono che mi arrivò di lui fu un rumoroso sbuffo di indignazione, come se stesse ancora pensando al dottor <name type="person">Livesey</name>.</p>

                <p>Dunque, mamma era di sopra con mio padre, e io stavo apparecchiando la tavola per la colazione in vista del ritorno del capitano, quando la porta della sala si aprì ed entrò un uomo che non avevo mai visto. <pb n="17"/> Era pallido e patito, gli mancavano due dita alla mano sinistra; e pur portando la storta, non aveva l'aria del guerriero. Io tenevo sempre gli occhi aperti in cerca di marinai, che avessero una gamba o due, e ricordo che lui mi sconcertò. Non era proprio marinaresco, eppure a modo suo sapeva di mare. </p>

                <p>Gli chiesi che cosa dovevo portargli, e mi rispose che avrebbe gradito del rum; ma mentre stavo uscendo dalla stanza per andarlo a prendere, si sedette su un tavolo e mi fece segno di avvicinarmi. Mi fermai lì, con il tovagliolo in mano. </p>

                <p><q>Vieni qui, figliolo, </q> mi disse. <q> Accosta.</q></p>
                <p>Mi avvicinai di un passo.</p>
                <p><q>Questo tavolo, per caso, è quello del mio compagno <name type="person">Bill</name>? </q>chiese con un'occhiata maliziosa. </p>
                <p>Gli risposi che non conoscevo il suo compagno <name type="person">Bill</name>; e il tavolo era di uno che alloggiava da noi, e che chiamavamo <emph rend="italic">il capitano </emph>. <q> Oh, già </q> disse lui, <q> può ben darsi che il mio compagno si faccia chiamare capitano. Ha uno sfregio su una guancia e un fare che è una bellezza, soprattutto quando beve, il mio compagno <name type="person">Bill</name>. Poniamo, così per dire, che il vostro capitano abbia una guancia sfregiata... e poniamo, se vuoi, che quella guancia sia la destra. Ah, vedi!, te lo avevo detto. Allora, è qui che trovo il mio compagno <name type="person">Bill</name>? </q></p>

                <p>Gli risposi che era fuori a passeggio.</p>
                <p><q>Da che parte, figliolo? Dove si è diretto?</q></p>
                <p>Dopo che gli ebbi indicato la scogliera e detto per quale via e a quale ora probabilmente sarebbe tornato, ed ebbi risposto a qualche altra domanda, <q>Ah, </q> fece lui, <q> questo gli farà piacere come una bevuta, al mio compagno <name type="person">Bill</name>.</q></p>

                <p>Disse queste parole con una faccia niente affatto bella, e avevo i miei motivi per credere che il forestiero, anche ammettendo che parlasse sinceramente, si stesse <pb n="18"/> sbagliando. Ma non era affar mio, pensai: e poi era difficile capire cosa fare. Lo straniero cominciò a gironzolare appena fuori la porta, sbirciando dietro l'angolo come un gatto che aspetta il topo. A un certo punto uscii in strada anch'io, ma lui mi richiamò immediatamente, e siccome non obbedii alla svelta come desiderava, il suo volto malaticcio mutato in un' espressione orrenda, mi ordinò di tornare in casa con un'imprecazione che mi fece scattare. Appena fui dentro riprese i suoi modi un po' untuosi e sprezzanti, mi diede un buffetto sulla spalla, dicendomi che ero un bravo ragazzo e che mi aveva preso in simpatia. <q> Ho anch'io un figlio, </q> disse, <q> vi assomigliate come due gocce d'acqua, ed è l'orgoglio del mio cuore. Ma la cosa che conta per i ragazzi è la disciplina, figliolo... disciplina. Ora, se tu avessi navigato con <name type="person">Bill</name> non saresti rimasto lì fuori a fartelo dire due volte... figuriamoci. Non è mai stato il metodo di <name type="person">Bill</name>, nè di quelli che navigavano con lui. Ed eccolo qui, ma certo, il mio compagno <name type="person">Bill</name> col cannocchiale sottobraccio, e che sia benedetto il suo buon cuore, sia benedetto. Ora, figliolo, io e te rientriamo nella sala e ci mettiamo dietro l'uscio, gli faremo una sorpresina, a <name type="person">Bill</name>... benedetto il cuore suo, come ripeto.</q></p>

                <p>Così dicendo lo straniero indietreggiò insieme a me nella sala e mi tenne nell'angolo alle sue spalle, di modo che la porta aperta ci nascondesse entrambi. Come potete immaginare, io ero molto trepidante e impaurito, tanto più che vedevo lo straniero indubbiamente spaventato a sua volta. Afferrò l'impugnatura della storta e fece scorrere la lama nel fodero: e per tutta la nostra attesa continuò a deglutire come se avesse quello che si dice un nodo in gola. </p>

                <p>Infine il capitano entrò, si sbatté la porta alle spalle senza guardare a destra né a sinistra e, attraversando la sala, marciò dritto verso la colazione che lo aspettava. </p>

                <p><q>Bill, </q> disse lo straniero con una voce che, pensai, si era sforzato di far grossa e imperiosa. </p>
                <p>Il capitano girò secco sui tacchi e si parò di fronte a noi: tutta l'abbronzatura gli era scomparsa dal viso, persino il naso si era fatto bluastro: aveva l'aspetto di un uomo che ha appena visto un fantasma, o il Maligno, o qualcosa di peggio ancora, se esiste: e, parola mia, provai pena al vederlo, in un solo momento, così vecchio e malmesso. </p>

                <p><q>Andiamo, <name type="person">Bill</name>, mi conosci... non puoi non riconoscere un vecchio compagno di bordo, </q> disse lo straniero.</p>
                <p>Il capitano diede come un rantolo. <q> <name type="person">Cane Nero</name>! </q> esclamò. </p>

                <p><q>E chi, sennò? </q> ribatté l'altro, ora più sicuro di sé. <q><name type="person">Cane Nero</name> in persona, venuto a incontrare il suo vecchio compagno di bordo <name type="person">Billy</name> alla locanda <name type="place">"Ammiraglio Benbow"</name>. Ah, <name type="person">Bill</name>, <name type="person">Bill</name>, ne abbiamo viste di cotte e di crude, noi due, da quando persi questi due artigli, </q> e alzò la mano mutilata. </p>

                <p><q>Ora veniamo al dunque, </q> disse il capitano, <q>mi avete trovato; eccomi qui; d'accordo, e allora parla: di che si tratta? </q></p>

                <p><q>Proprio di te, <name type="person">Bill</name>, </q> fu la risposta di <name type="person">Cane Nero</name>, <q> hai afferrato il concetto, <name type="person">Billy</name>. Mi farò dare un bicchiere di rum da questo caro ragazzo, che ho preso tanto in simpatia; e se ti va, ci siederemo a parlare apertamente come vecchi compagni di mare. </q></p>

                <p>Quando tornai con il rum erano già seduti l'uno di fronte all'altro al tavolo della colazione: <name type="person">Cane Nero</name> vicino alla porta e seduto di traverso, così da avere un occhio al vecchio compare e uno, pensai io, alla fuga. </p>

                <p>Mi disse di andare, e di lasciare la porta bene aperta. <q> Dei tuoi buchi della serratura non ne voglio sapere, figliolo, </q> disse; e li lasciai soli rifugiandomi dietro il bancone. </p>

                <pb n="20"/>

                <p>A lungo e pur facendo del mio meglio per ascoltare, non udii altro che un lento bofonchìo; ma alla fine le voci cominciarono ad alzarsi, e colsi qualche parola, per lo più imprecazioni, del capitano.</p>

                <p><q> No, no, no, no: e finiamola qui! </q> gridò a un certo punto. E ancora: <q> Se forca deve essere, allora che sia forca per tutti, parola mia. </q></p>

                <p>Poi all'improvviso vi fu una formidabile esplosione di bestemmie e altri rumori - la sedia e il tavolo rovesciati in un colpo, seguiti da un cozzare di metallo e un grido di dolore; e un attimo dopo vidi <name type="person">Cane Nero</name> che se la dava a gambe e il capitano inseguirlo come un demone, entrambi con le sciabole sguainate, il primo sanguinante dalla spalla sinistra. Giunti alla porta il capitano assestò al fuggitivo un ultimo terribile fendente che di certo lo avrebbe squarciato a metà, se non fosse stato intercettato dalla nostra grossa insegna dell'<name type="place">"Ammiraglio Benbow"</name>. Ancora oggi è ben visibile la tacca sul lato inferiore della cornice. </p>

                <p>Questo colpo fu l'ultimo della battaglia. Una volta in strada <name type="person">Cane Nero</name>, a dispetto della ferita, se la diede a gambe levate, e in mezzo minuto scomparve oltre il colle. Da parte sua il capitano restò a fissare l'insegna come esterrefatto. Poi si passò più volte una mano sugli occhi e rientrò in casa.</p>

                <p><q> <name type="person">Jim</name>... </q> disse, <q>rum </q>; e parlando vacillò e appoggiò una mano alla parete.</p>

                <p><q>Siete ferito? </q> gridai.</p>
                <p><q>Rum, </q> ripeté lui. <q> Devo andarmene da qui. Rum! rum! </q></p>
                <p>Corsi a prenderglielo; ma frastornato com'ero da tutto quello che era successo, ruppi un bicchiere e otturai la spina; mentre ancora armeggiavo sentii un tonfo nella sala e, accorrendo, vidi il capitano lungo disteso sul pavimento. Proprio allora mia madre, allarmata dagli urli e dalla lotta, scendeva di corda le <pb n="21"/> scale per darmi aiuto. Insieme gli sollevammo la testa. Aveva il fiato corto e affannoso: ma gli occhi erano chiusi e il viso di un colore orribile.</p>

                <p><q>Povera me, povera me! </q> gridò mamma. <q>Che disgrazia sulla nostra casa! E il tuo povero babbo malato!</q></p>
                <p>Intanto non sapevamo cosa fare per aiutare il capitano nè cosa pensare, se non che fosse rimasto ferito a morte nella zuffa con il forestiero. Presi il rum, certo, e tentai di farglielo trangugiare: ma aveva i denti serrati, e le mascelle dure come ferro. Fu un sollievo indicibile per noi quando la porta si aprì ed entrò il dottor <name type="person">Livesey</name>, venuto a visitare mio padre.</p>
                <p><q>Oh, dottore! </q> gridammo, <q>cosa dobbiamo fare? Dove è ferito?</q></p>
                <p><q>Ferito? Un corno!</q> rispose il medico. <q>Non è più ferito di voi o di me. Gli è venuto un colpo, come avevo previsto. Adesso, signora <name type="person">Hawkins</name>, correte su da vostro marito e, se possibile, non ditegli nulla di quello che è successo. Quanto a me, dovrò fare del mio meglio per salvare la vita <num value="3">tre</num> volte vile di questo individuo; e <name type="person">Jim</name> mi porterà una bacinella.</q></p>

                <p>Quando tornai con la bacinella, il dottore aveva già strappato la manica del capitano denudando il braccio nerboruto. Aveva diversi tatuaggi. Sull'avambraccio gli avevano tatuato <emph rend="italic">La fortuna è qui</emph>, <emph rend="italic">Vento in poppa</emph> e <emph rend="italic">A <name type="person">Billy Bones</name> non la si fa</emph> con tratti nitidi e chiari; e più su, verso la spalla, c'era il disegno di una forca con un uomo impiccato - eseguito, pensai, con grande estro.</p>

                <p><q>Profetico, </q> disse il dottore sfiorando con il dito la figura. <q>E ora, mastro <name type="person">Billy Bones</name>, se è così che vi chiamate, daremo un'occhiatina al colore del vostro sangue. <name type="person">Jim</name>... </q> aggiunse poi, <q> ... hai paura del sangue?</q></p>

                <p><q>Nossignore, </q> risposi.</p>
                <p><q>Bene, allora... tieni la bacinella </q>. Detto ciò, prese il bisturi e aprì una vena.</p>

                <pb n="22"/>

                <p>Gli cavò una bella quantità di sangue prima che il capitano riaprisse gli occhi e girasse attorno uno sguardo annebbiato. Subito, con un inconfondibile corrugarsi del ciglio, riconobbe il medico; poi lo sguardo cadde su di me e sembrò sollevato. Ma d'un tratto mutò colore e cercò di rialzarsi gridando: </p>
                <p><q>Dov'è <name type="person">Cane Nero</name>?</q></p>
                <p><q>Qui non c'è nessun <name type="person">Cane Nero</name>, </q>rispose il dottore, <q>tranne il vizio che avete sulle spalle. Avete bevuto troppo rum; vi è venuto un colpo, proprio come vi avevo predetto; e io, sebbene molto a malincuore, vi ho appena tirato fuori per la testa dalla tomba. Adesso, <name type="person">Mr Bones</name>...</q></p>
                <p><q>Non mi chiamo così, </q> lo interruppe il capitano.</p>
                <p><q>Me ne infischio,</q> ribatté il dottore. <q>É il nome di un bucaniere che conosco, e per far prima vi chiamerò così... e ciò che ho da dirvi è questo: un bicchiere di rum non vi ucciderà, ma se ne bevete uno, poi ne bevete un altro e un altro ancora, e scommetto la parrucca che se non la smetterete al più presto tirerete le cuoia... mi capite?... morirete, e ve ne andrete al posto che meritate, come l'uomo della Bibbia. Adesso fate uno sforzo... per questa volta vi accompagnerò a letto.</q></p>

                <p>Insieme, e con grande fatica, riuscimmo a issarlo su per la scala e a deporlo sul letto, dove la testa gli ricadde sul cuscino come se stesse per svenire.</p>
                <p><q>Ora, ricordatevi,</q> disse il dottore, <q>perché voglio avere la coscienza pulita... il rum per voi significa la morte.</q></p>
                <p>Poi uscì per andare a visitare mio padre, prendendomi per un braccio e portandomi con sé.</p>
                <p><q>Non è niente,</q> mi disse appena ebbe chiuso la porta. <q>L'ho salassato abbastanza per tenerlo un po' tranquillo: dovrebbe stare a letto per una settimana... è la cosa migliore per lui e per voi; ma alla prossima sincope è spacciato.</q></p>

            </div>

            <div type="chapter" n="3">
                    <pb n="23"/>
                <head>Capitolo terzo - Il bollo nero
                </head>

                <p>Verso <time when="12.00">mezzogiorno</time> mi fermai alla porta del capitano con bevande rinfrescanti e medicine. Era steso pressappoco come lo avevamo lasciato, soltanto con la testa un po' più in alto, e sembrava insieme debole ed eccitato.</p>
                <p>Mi disse: <q><name type="person">Jim</name>, tu qui sei l'unico che vale qualcosa; e sai che sono sempre stato buono con te. Mai un mese senza darti <num value="4">quattro</num> pence d'argento tutti per te. E adesso, come vedi, amico mio, sono malato e abbandonato da tutti; e <name type="person">Jim</name>, caro ragazzo, vero che adesso mi darai un po' di rum?</q></p>
                <p>Incominciai:<q> Il dottore...</q></p>
                <p>Lui sbottò maledicendo il medico, con voce flebile ma piena di foga: <q> I dottori son tutti buoni a nulla, </q> mi disse, <q>e quello lì poi, cosa ne sa dei marinai? Io sono stato in posti caldi come forni, tra compagni che mi cascavano attorno per la febbre gialla, e in una terra maledetta che ondeggiava come il mare per i terremoti... cosa ne sa il dottore di posti come quello?... e campavo col rum, dammi retta. É stato pietanza e bevanda, e marito e mogliera per me; e se non posso avere il mio rum, ora che sono un povero relitto piantato sottovento, il mio sangue ricadrà su di te, <name type="person">Jim</name>, e su quel buono a nulla di un dottore...</q> e qui una nuova sfilza di bestemmie. <q>Guarda, <name type="person">Jim</name>, le mie dita... come si agitano,</q> continuò poi in tono supplichevole. <q>Non riesco a tenerle ferme, non posso. Neanche un goccino <pb n="24"/> in tutto il santo giorno. Quel dottore è svitato, ti dico. Se non bevo un sorsetto di rum, <name type="person">Jim</name>, mi verranno gli spettri: qualcuno l'ho già visto. Ho visto il vecchio <name type="person">Flint</name> lì nell'angolo, dietro di te: nitido come stampato, l'ho visto; e se mi vengono gli spettri, beh, io sono un uomo che ha fatto la vita che ha fatto, e scoperchierò l'inferno. Anche il tuo dottore ha detto che un bicchiere non mi può far male. <name type="person">Jim</name>, ti do una ghinea per un goccetto.</q></p>

                <p>Smaniava sempre più, e questo mi faceva preoccupare per mio padre, che quel giorno stava molto male e aveva bisogno di quiete; inoltre, anche se ero abbastanza offeso dall'offerta di corrompermi, le parole del dottore che lui aveva appena ripetuto mi rassicurarono.</p>

                <p><q>Non voglio i vostri soldi, </q> gli risposi, <q>ma solo quelli che dovete a mio padre. Vi porterò un bicchiere, e non di più.</q></p>
                <p>Quando glielo portai, me lo strappò di mano e lo vuotò d'un fiato.</p>
                <p><q>Ah, sì, </q> disse, <q> così va meglio, molto meglio. E ora, amico mio, quel dottore t'ha detto per quanto tempo dovrei restarmene qui, sdraiato in questa vecchia cuccia?</q></p>
                <p><q>Una settimana almeno,</q> risposi.</p>
                <p><q>Fulmini!</q> gridò lui. <q>Una settimana! Impossibile; prima d'allora mi avranno rifilato il bollo nero. In questo dannato istante quei balordi staranno già accostando per mettermi sottovento; balordi che non sono capaci di tenersi quello che hanno, e vogliono arraffare la roba degli altri. Ora, è un comportamento da marinai, questo? Vorrei proprio saperlo. Ma io sono un risparmiatore. Non ho mai sperperato il mio denaro, e neanche perso; e li fregherò ancora. Non li temo. Spiegherò un'altra vela, amico mio, e li lascerò con un palmo di naso.</q></p>

                <p>Nel dire queste cose si era alzato dal letto con <pb n="25"/> grande fatica, afferrandosi alla mia spalla con una morsa che quasi mi fece gridare, e muovendo le gambe come pesi morti. Le sue parole così focose facevano un triste contrasto con la fiacchezza della voce che le pronunciava. Quando si fu alzato a sedere sulla sponda del letto, si fermò.</p>
                <p><q>Quel dottore mi ha rovinato,</q> mormorò. <q>Mi ronzano le orecchie. Mettimi giù.</q></p>

                <p>Prima che potessi aiutarlo era ricaduto nella sua posizione precedente, e per un poco vi giacque in silenzio.</p>
                <p>Infine disse: <q> <name type="person">Jim</name>... hai visto quel marinaio di oggi?</q></p>
                <p><q><name type="person">Cane Nero</name>?</q></p>

                <p><q>Ah! <name type="person">Cane Nero</name>,</q> ripeté. <q>Un brutto ceffo: ma peggio ancora è chi lo ha mandato. Dunque, se non riesco a squagliarmela e mi rifilano il bollo nero, ricorda, è la mia vecchia cassa che cercano; monta a cavallo... sei capace vero? Bene, allora monta a cavallo e vai... ma sì, proprio da lui!... da quell'incapace matricolato del dottore, e digli di chiamare in coperta il suo equipaggio - cioè magistrati e affini - e li troverà tutti qui a bordo dell'<name type="place">"Ammiraglio Benbow"</name>... tutta la vecchia ciurma di <name type="person">Flint</name>, dal primo all'ultimo, tutti quelli che rimangono. Io ero il secondo, ero, il comandante in seconda del vecchio <name type="person">Flint</name>, e sono l'unico che conosce il posto. Me l'ha detto a <name type="place">Savannah</name>, quando stava per morire, come adesso potrebbe capitare a me, lo capisci. Però non dirai niente, a meno che non mi appioppino il bollo nero o tu riveda <name type="person">Cane Nero</name>, o un marinaio con una gamba sola, <name type="person">Jim</name>... soprattutto lui.</q></p>
                
                <p><q>Ma cos'è il bollo nero, capitano?</q> gli chiesi.</p>
                <p><q>Un'ingiunzione, amico. Se me lo danno, te lo dirò. Ma tu tieni gli occhi aperti, <name type="person">Jim</name>, e sul mio onore faremo a metà. </q></p>
                <p>Continuò a divagare ancora un poco, con una voce sempre più flebile; ma appena gli diedi la sua medicina, <pb n="26"/> che sorbì come un bimbo, commentando: <q> Se c'è mai stato marinaio che ne ha avuto bisogno, sono io </q>, cadde in un sonno pesante, da svenimento, nel quale lo lasciai. Che cosa avrei fatto se tutto fosse andato bene, lo ignoro. Probabilmente avrei riferito l'intera storia al dottore, poiché morivo dalla paura che il capitano si pentisse delle sue confessioni e mi facesse fuori. Ma accadde che il mio povero babbo morì improvvisamente quella sera, e le altre faccende passarono in second'ordine. Il nostro inevitabile dolore, le visite dei vicini, i preparativi per il funerale, uniti a tutto il lavoro nella locanda, mi impegnarono al punto che non ebbi il tempo di pensarci, al capitano, e men che meno di averne paura.</p>

                <p>Neanche a dirlo, l'indomani mattina scese giù e fece colazione come al solito, anche se mangiò poco e, temo, bevve più della sua solita razione di rum, dato che si servì da solo al bancone, torvo e sbuffante, senza che nessuno osasse mettersi sulla sua strada. La sera prima del funerale era più ubriaco che mai: ed era un abominio sentirlo schiamazzare, in quella casa in lutto, la sua orrenda vecchia canzone di mare; ma anche debole com'era, avevamo tutti una paura mortale per lui, e per giunta il dottore era stato chiamato improvvisamente per un caso a molte miglia di distanza, e dopo la morte di mio padre non era più stato dalle nostre parti. Ho detto che il capitano era debole; e in effetti anziché riprendere le forze, sembrava indebolirsi sempre di più. Andava su e giù per le scale e aventi e indietro dalla sala al bancone, a volte mettendo il naso fuori dalla porta per annusare il mare, nel tragitto appoggiandosi al muro per non cadere, con il respiro breve e affannoso di chi si inerpica su una montagna. Non si rivolse mai direttamente a me, e ritengo che avesse già scordato le sue confessioni; ma il suo umore era più volubile e, fatta salva la debolezza fisica, più violento che mai. Adesso <pb n="27"/> da ubriaco aveva l'abitudine allarmante di snudare la sciabola e posarla sul tavolo davanti a sé. Ma in tutto ciò badava meno agli altri, e appariva assorto nei suoi pensieri, e molto distratto. Per esempio, una volta, con nostro gran stupore, intonò un'aria diversa, una specie di canzonetta d'amore campagnola che doveva aver appreso in gioventù, prima di mettersi per mare. </p>

                <p>Così andarono le cose fino all'indomani del funerale, quando, verso le <time when="15.00">tre</time> di un pungente, nebbioso, gelido pomeriggio, stavo per un momento sulla porta, gonfio di tristezza al pensiero di mio padre, e vidi che qualcuno si avvicinava lentamente sulla strada. Doveva essere un cieco, perché batteva con un bastone davanti a sè e portava una grande visiera verde sopra agli occhi e al naso; e stava tutto ingobbito, forse per l'età o per la stanchezza, e indossava un mantello da marinaio con cappuccio, vecchio e sdrucito, che lo faceva sembrare veramente deforme. Non ho mai visto in tutta la mia vita una figura così paurosa. Si fermò a pochi passi dalla locanda e, alzando la voce in una strana cantilena, si rivolse all'aria davanti a sé:</p>

                <p><q>Non vorrebbe qualche gentile amico spiegare a un povero cieco che ha perduto la luce preziosa degli occhi difendendo da prode la sua terra, l'<name type="place">Inghilterra</name>, - e che Dio benedica <name type="person">Re Giorgio</name>! - dove, o in che parte di questo paese si trova adesso?</q></p>
                <p><q>Siete all'<name type="place">"Ammiraglio Benbow"</name>, nella baia di <name type="place">Black Hill</name>, buon uomo,</q> gli risposi.</p>

                <p><q>Sento una voce...</q> disse, <q>... una voce giovane. Volete darmi una mano, mio giovane gentile amico, e accompagnarmi dentro?</q></p>
                <p>Io gli tesi la mano e in un baleno l'orrida, melliflua creatura senz'occhi la ghermì in una morsa. Restai così sgomento che cercai di liberarla; ma il cieco con un solo gesto del braccio mi trasse accanto a sé.</p>

                <pb n="28"/>

                <p><q>Ora, ragazzo,</q> disse, <q>portami dal capitano.</q></p>
                <p><q>Signore, </q> gli risposi, <q>parola mia, non me la sento.</q></p>
                <p><q>Ah... </q>ghignò lui, <q>bene! Portami dentro subito, o ti spezzo il braccio.</q></p>
                <p>E nel parlare me lo torse così forte da strapparmi un grido.</p>
                <p><q>Signore...</q> dissi, <q>... dico per il vostro bene. Il capitano non è più quello di prima. Se ne sta con la sciabola sguainata. Un altro gentiluomo... </q></p>
                <p><q>Basta, ora muoviti,</q>mi interruppe lui; e non udii mai voce così crudele e fredda e spaventosa come quella del cieco. Mi atterrì più del dolore e mi affrettai a obbedirgli, entrando subito e dirigendomi verso la sala dove il nostro vecchio bucaniere malato era seduto tra i fumi del rum. Il cieco mi si accostò, stringendomi con un pugno di ferro e appoggiandosi contro di me con più peso di quanto potessi sostenerne. <q>Portami da lui, e appena sarò in vista gridagli: <q>Ecco un amico per te, <name type="person">Bill</name></q>. Se non lo farai, io ti farò questo...</q> e mi diede uno strattone per cui temetti di svenire. Intrappolato tra le parole e il gesto, mi trovai così terrorizzato dal mendicante cieco che scordai il mio terrore per il capitano, e aprendo la porta della sala gridai con voce tremante le parole che mi erano state ordinate.</p>


                <p>Il povero capitano alzò gli occhi e al primo sguardo il rum si dissipò lasciandolo sobrio e impietrito. La sua espressione non tradiva tanto la paura, quanto un mortale sfinimento. Fece per alzarsi, ma non credo che gli restasse abbastanza forza in corpo.</p>

                <p><q>Ora, <name type="person">Bill</name>, fermo dove sei</q> disse il mendicante. <q>Anche se non vedo, posso sentire se muovi un dito. Gli affari sono affari. Porgi la mano sinistra. Ragazzo, tu prendigli la mano per il polso e avvicinala alla mia destra.</q></p>

                <p>Entrambi gli obbedimmo come automi, e vidi una cosa passare dal cavo della mano che teneva il <pb n="29"/> bastone al palmo di quella del capitano, che subito si chiuse attorno a essa.</p>

                <p><q>Ebbene, è fatta,</q> disse il cielo; con quelle parole, in un attimo, mi lasciò andare, e con precisione e agilità incredibili sgattaiolò fuori dalla sala e poi in strada dove, mentre ero ancora immobile, sentii il toc-toc del suo bastone allontanarsi.</p>
                <p>Trascorse un po' di tempo prima che io o il capitano tornassimo in noi: ma infine, e circa nello stesso momento, lasciai il suo polso che stavo ancora tenendo, e lui ritrasse la mano e fissò lo sguardo sul palmo.</p>
                <p><q>Alle <time when="22.00">dieci</time>!</q> gridò. <q><num value="6">Sei</num> ore. Posso ancora fregarli... </q> E scattò in piedi.</p>
                <p>In quell'istante barcollò, si portò la mano alla gola oscillando ancora per attimo e poi, con uno strano suono, cadde sul pavimento a faccia in giù.</p>
                <p>Gli corsi subito accanto, mentre chiamavo mia madre. Ma ogni premura era vana. Il capitano era stato fulminato da un colpo apoplettico. È difficile da capire, perché di certo l'uomo non mi era mai piaciuto, anche se ultimamente mi aveva fatto pietà: ma appena vidi che era morto, scoppiai in un pianto dirotto. Era la <num value="2">seconda</num> morte a cui assistevo, e il dolore della <num value="1">prima</num> era ancora fresco nel mio cuore.</p>

            </div>
         
            
        </body>
    </text>

</TEI>
